Symbol;Issuer Fullname;ISIN;BBTicker
2CUREX;2cureX AB;SE0010468124;
4C;4C Group AB;SE0017936891;    
AAC;AAC Clyde Space AB;SE0021020716;
AAK;AAK AB;SE0011337708;AAK SS
FASTAT;AB Fastator;SE0015407382;
ABI*;AB Igrene;SE0006091476;
ABAS;ABAS Protect AB;SE0018588659;
ABB;ABB Ltd;CH0012221716;ABB SS
ABIG;Abelco Investment Group AB (publ);SE0003617075;
ABERA;Abera Bioscience AB;SE0015245097;
ABSO;Absolent Air Care Group AB;SE0006256558;
ABSL B;Absolicon Solar Collector AB;SE0018396947;
ACAD;AcadeMedia AB;SE0007897079;ACAD SS
ACARIX;Acarix AB;SE0009268717;
ACAST;Acast AB;SE0015960935;
ACCON;Acconeer AB;SE0010546242;
ACOU;AcouSort AB;SE0009189608;
ACRI A;Acrinova AB;SE0015660014;
ACRI B;Acrinova AB;SE0015660030;
ACROUD;ACROUD AB;SE0001863291;
ATIC;Actic Group AB;SE0009269467;ATIC SS
ACTI;Active Biotech AB;SE0001137985;ACTI SS
ACUC;AcuCort AB;SE0009695927;
ACUVI;Acuvi AB;SE0017833171;
ALIF B;AddLife AB;SE0014401378;ALIFB SS
ANOD B;Addnode Group AB;SE0017885767;ANODB SS
ADDT B;Addtech AB;SE0014781795;ADDTB SS
ADDV A;ADDvise Group AB;SE0001306119;
ADDV B;ADDvise Group AB;SE0007464862;
ADTR;Adtraction Group AB;SE0016833149;
ADVE;Advenica AB;SE0006219473;
ADVBOX;Adventure Box Technology AB;SE0012955276;
ADVT;Adverty AB;SE0011724889;
AERW B;Aerowash AB;SE0009346299;
AEC;AFRICA ENERGY CORP.;CA00830W5019;
AFRI;Africa Resources AB (publ);SE0009496482;
AFRY;AFRY AB;SE0005999836;
AGES B;AGES Industri AB;SE0005799046;AGES SS
AGTIRA B;Agtira AB;SE0008588354;
AIK B;AIK Fotboll;SE0000598278;
AINO;Aino Health AB (publ);SE0009242555;
ALCA;Alcadon Group AB;SE0008732218;
ALFA;Alfa Laval AB;SE0000695876;ALFA SS
ALIG;Alimak Group AB;SE0007158910;ALIG SS
ALLEI;Alleima AB;SE0017615644;
ATORX;Alligator Bioscience AB;SE0024173637;ATORX SS
ALLIGO B;Alligo AB;SE0009922305;
ALM;ALM Equity AB;SE0018741985;ALM SS
ALM PREF;ALM Equity AB;SE0004109627;
ALPCOT B;Alpcot Holding AB;SE0016845655;
ALZCUR;AlzeCure Pharma AB;SE0010133785;
ALZ;Alzinova AB;SE0007413455;
AMBEA;Ambea AB;SE0009663826;AMBEA SS
AMH2 B;Amhult 2 AB;SE0001356932;
AMIDO;Amido AB;SE0013042108;
ANGL;Angler Gaming Plc;MT0000650102;
ANNE B;Annehem Fastigheter AB;SE0015221684;
ANNX;Annexin Pharmaceuticals AB;SE0025159387;
ANOT*;Anoto Group AB;SE0010415281;ANOT SS
ANTCO B;ANTCO. Investment Group AB;SE0018690349;
APTA;Aptahem AB;SE0022447173;
AQ;AQ Group AB;SE0022062196;AQ SS
AQUAT;Aquaticus Real Estate AB;SE0015244132;
ARBO A;Arbona AB;SE0003210590;
ALONNR B;Archelon Natural Resources AB;SE0020355188;
ARCOMA;Arcoma AB;SE0006219176;
ARCTIC*;Arctic Blue Beverages AB;SE0017769136;
ARCT;Arctic Minerals AB;SE0024172779;ARCT SS
ARP;Arctic Paper S.A;PLARTPR00012;ARP SS
ARION SDB;Arion banki hf.;SE0010413567;ARIONSDB SS
ARISE;Arise AB;SE0002095604;ARISE SS
ARJO B;Arjo AB;SE0010468116;ARJOB SS
ARPL;Arla Plast AB;SE0015810817;
AGROUP;Arlandastad Group AB;SE0016276851;
ACE;Ascelia Pharma AB;SE0010573113;
ASSA B;ASSA ABLOY  AB;SE0007100581;ASSAB SS
AZN;AstraZeneca PLC;GB0009895292;AZN SS
ATIN*;Athanase Innovation AB;SE0018014060;
ATCO A;Atlas Copco AB;SE0017486889;ATCOA SS
ATCO B;Atlas Copco AB;SE0017486897;ATCOB SS
ATRLJ B;Atrium Ljungberg AB;SE0024320832;ATRLJB SS
ATANA;Attana AB;SE0010547273;
ATT;Attendo AB;SE0007666110;ATT SS
ALIV SDB;Autoliv Inc.;SE0021309614;ALIV SS
AZA;Avanza Bank Holding AB;SE0012454072;AZA SS
AVEN;Avensia AB;SE0000671745;
AVT B;Avtech Sweden AB;SE0004270445;AVTB SS
AXFO;Axfood AB;SE0006993770;AXFO SS
AXIC A;aXichem AB;SE0005250719;AXICA SS
AXOLOT;Axolot Solutions Holding AB;SE0009414303;
B3;B3 Consulting Group AB;SE0008347660;B3 SS
BACKA;Backaheden Fastighets AB;SE0015221619;
BACTI B;Bactiguard Holding AB;SE0005878741;BACTIB SS
BALCO;Balco Group AB;SE0010323998;BALCO SS
BUSER;Bambuser AB;SE0009663834;
BAWAT;Bawat Water Technologies AB;SE0017487424;
BEGR;BE Group AB;SE0008321921;BEGR SS
BEAMMW B;BeammWave AB;SE0016799068;
BEIA B;Beijer Alma AB;SE0011090547;BEIAB SS
BEIJ B;Beijer Ref AB;SE0015949748;BEIJB SS
BEO SDB;Beowulf Mining PLC;SE0022240073;
BERG B;Bergman & Beving Aktiebolag;SE0000101362;BERGB SS
BETS B;Betsson AB;SE0022726485;BETSB SS
BETCO;Better Collective A/S;DK0060952240;BETCO SS
BEYOND;Beyond Frames Entertainment AB;SE0011614965;
BHG;BHG Group AB;SE0010948588;BHG SS
BIBB;BiBBInstruments AB;SE0010102095;
BICO;BICO Group AB;SE0013647385;
BILI A;Bilia AB;SE0009921588;BILIA SS
BILL;Billerud Aktiebolag;SE0000862997;BILL SS
BIM;BIMobject AB;SE0011644376;BIM SS
BINERO;Binero Group AB;SE0005249570;
BIOA B;BioArctic AB;SE0010323311;BIOAB SS
BIOEX;Bioextrax AB;SE0016276752;
BIOF;Biofrigas Sweden AB;SE0014262887;
BIOG B;BioGaia AB;SE0017769995;BIOGB SS
BINV;BioInvent International AB;SE0015244520;BINV SS
BIOSGN;Biosergen AB;SE0016013460;
BIOT*;Biotage AB;SE0000454746;BIOT SS
BIOVIC B*;Biovica International AB;SE0008613731;
BORG;Björn Borg AB;SE0021921327;BORG SS
BLICK;Blick Global Group AB;SE0019172735;
BLUE;Bluelake Mineral AB;SE0015382148;
BODY;Bodyflight Sweden AB;SE0011089929;
BOKUS;Bokusgruppen AB;SE0016074256;
BOL;Boliden AB;SE0020050417;BOL SS
BOMILL;BoMill AB;SE0014583332;
BONAV A;Bonava AB;SE0008091573;BONAVA SS
BONAV B;Bonava AB;SE0008091581;BONAVB SS
BONEX;BONESUPPORT HOLDING AB;SE0009858152;BONEX SS
BONG;Bong AB;SE0000396061;BONG SS
BONAS;Bonäsudden Holding AB;SE0007157953;
BOOZT;Boozt AB;SE0009888738;BOOZT SS
BOTX;Botnia Exploration Holding AB;SE0010494708;BOTX SS
BOUL;Boule Diagnostics AB;SE0011231158;BOUL SS
BPCINS;BPC Instruments AB;SE0017130826;
BRAV;Bravida Holding AB;SE0007491303;BRAV SS
BRE2;Bredband2 i Skandinavien AB;SE0000648669;BRE2 SS
BRILL;Brilliant Future AB;SE0015811625;
BRIN B;Brinova Fastigheter AB;SE0008347652;BRINB SS
BRIX;Briox AB;SE0008588131;
BTS B;BTS Group AB;SE0000805426;BTSB SS
BUFAB;Bufab AB;SE0025010671;BUFAB SS
BULTEN;Bulten AB;SE0003849223;BULTEN SS
BURE;Bure Equity  AB;SE0000195810;BURE SS
BMAX;Byggmax Group AB;SE0003303627;BMAX SS
AJA B;Byggmästare Anders J Ahlström Holding AB;SE0006510491;
BYGGP;ByggPartner Gruppen AB;SE0009242324;
CRAD B;C-RAD AB;SE0002016352;CRADB SS
CAG;CAG Group AB;SE0011923341;
CAMX;Camurus AB;SE0007692850;CAMX SS
CANDLE B;Candles Scandinavia AB;SE0016797773;
CANTA;Cantargia AB;SE0006371126;CANTA SS
CRBX;Carbiotix AB;SE0022760252;
CARE;Careium AB;SE0017131824;
CASE;Case Group AB;SE0017082514;
CAST;Castellum AB;SE0000379190;CAST SS
CAT A;Catella AB;SE0000188500;CATA SS
CAT B;Catella AB;SE0000188518;CATB SS
CATE;Catena AB;SE0001664707;CATE SS
CTM;Catena Media P.L.C;MT0001000109;CTM SS
CCC*;Cavotec SA;CH0136071542;CCC SS
CDON;CDON AB;SE0015191911;CDON SS
CEDER;Cedergrenska AB;SE0015949946;
CI*;Cell Impact AB;SE0017885379;
CEVI;CellaVision AB;SE0000683484;CEVI SS
CHARGE;ChargePanel AB;SE0017083835;
CHECK;Checkin.com Group AB;SE0015810502;
CMH;Chordate Medical Holding AB;SE0022726139;
CIBUS;Cibus Nordic Real Estate AB;SE0010832204;
CINIS;Cinis Fertilizer AB;SE0018040784;
CINT;Cint Group AB;SE0015483276;
CIRCHE;CirChem AB;SE0015193529;
CLAS B;Clas Ohlson AB;SE0000584948;CLASB SS
CLAV;Clavister AB;SE0005308558;CLAV SS
CLEMO*;Clean Motion AB;SE0008216303;
CLEM;Clemondo Group AB;SE0023468400;
CLIME B;Climeon AB;SE0023837182;
CLS B;Clinical Laserthermia Systems AB;SE0022049920;CLSB SS
CLA B;Cloetta AB;SE0002626861;CLAB SS
CNI5 PREF P2;CNI Nordic 5 AB;SE0011090646;
CDMIL;CodeMill AB;SE0013914819;
COEGIN;Coegin Pharma AB;SE0020357754;
CF1 PREF P2;Coeli Fastighet I AB;SE0009695851;
CF2 PREF P2;Coeli Fastighet II AB;SE0012012672;
CPE I;Coeli Private Equity;SE0012012268;
CS;CoinShares International Ltd;JE00BLD8Y945;
COMBI*;Combigene AB;SE0016101935;
CX;CombinedX AB;SE0012065589;
COMINT;Comintelli AB;SE0011751569;
COMPDM;Compodium International AB;SE0022088233;
CNCJO B;Concejo AB;SE0000236382;
CAM B;Consensus Asset Management AB;SE0015191739;
COOR;Coor Service Management Holding AB;SE0007158829;COOR SS
CORE A;Corem Property Group AB;SE0010714279;COREA SS
CORE B;Corem Property Group AB;SE0010714287;COREB SS
CORE D;Corem Property Group AB;SE0015961594;
CORE PREF;Corem Property Group AB;SE0010714311;COREPREF SS
CLBIO;Corline Biomedical AB;SE0006887451;
CRED A;Creades AB;SE0015661236;CREDA SS
CRWN;Crown Energy;SE0004210854;
CFISH;Crunchfish AB;SE0009190192;
CTEK;CTEK AB;SE0016798763;
CTT;CTT Systems AB;SE0000418923;CTT SS
CYB1;Cyber Security 1 AB;SE0007604061;
DE;Dala Energi AB;SE0000201253;
DEDI;Dedicare AB;SE0003909282;DEDI SS
DSNO;Desenio Group AB;SE0015657853;
DEVP B;DevPort AB;SE0010546622;
DVYSR;Devyser Diagnostics AB;SE0016588867;
DEX;DexTech Medical AB;SE0005881489;
DIAH;Diadrom Holding AB;SE0001606906;DIAH SS
DMYD B;Diamyd Medical AB (publ);SE0005162880;DMYDB SS
DIGN*;Dignitana AB;SE0002108001;DIGN SS
DIST;DistIT AB;SE0003883800;DIST SS
DIV B;Dividend Sweden AB;SE0017085145;
DIVIO B;Divio Technologies AB;SE0011311554;
DIOS;Diös Fastigheter AB;SE0001634262;DIOS SS
DLAB;Dlaboratory Sweden AB;SE0015658380;
DOM;Dometic Group AB;SE0007691613;DOM SS
DORO;DORO AB;SE0000215493;DORO SS
DBP B*;Double Bond Pharmaceutical Int. AB;SE0007185525;
DOXA;Doxa AB;SE0005624756;DOXA SS
DRIL;Drillcon AB;SE0001770702;DRIL SS
DUNI;Duni AB;SE0000616716;DUNI SS
DURC B;Duroc AB;SE0000331266;DURCB SS
DUST;Dustin Group AB;SE0006625471;DUST SS
EAST;Eastnine AB;SE0022050183;EAST SS
EASY B;EasyFill AB;SE0002039222;
EATG;EatGood Sweden AB;SE0009548597;
ECC B;Ecoclime Group AB;SE0012729937;
ECO B;EcoRub AB;SE0003273531;
ALBERT;eEducation Albert AB;SE0016797989;
EEVIA*;Eevia Health Plc;FI4000496658;
EFFH;Effnetplattformen Holding AB;SE0015987565;
EGTX;Egetis Therapeutics AB;SE0003815604;
ELAN B;Elanders AB;SE0000119299;ELANB SS
EPRO B;Electrolux Professional AB;SE0013747870;
ELUX A;Electrolux;  AB;SE0016589170;ELUXA SS
ELUX B;Electrolux;  AB;SE0016589188;ELUXB SS
EKTA B;Elekta AB;SE0000163628;EKTAB SS
ELIC;Elicera Therapeutics AB;SE0015382080;
ELN;Ellen AB;SE0014730347;ELN SS
ELLWEE*;ELLWEE AB;SE0020551679;
ELON;Elon AB;SE0001572520;
ELTEL;Eltel AB;SE0006509949;ELTEL SS
EMBELL;Embellence Group AB;SE0013888831;
EMBRAC B;Embracer Group AB;SE0023615885;
EG7;Enad Global 7 AB;SE0010520106;
ENEA;Enea AB;SE0009697220;ENEA SS
ENERS*;Enersize Oyj;FI4000233317;
ENGCON B;engcon AB;SE0017769847;
ENRO;Eniro Group AB;SE0011256312;ENRO SS
ERMA*;Enorama Pharma AB;SE0008216329;
ENRAD;Enrad AB;SE0009994858;
ENVI B;Envirologic AB;SE0005704095;
ENZY;Enzymatica AB;SE0003943620;ENZY SS
EOLU B;Eolus Aktiebolag;SE0007075056;EOLUB SS
EPI A;Epiroc Aktiebolag;SE0015658109;EPIA SS
EPI B;Epiroc Aktiebolag;SE0015658117;EPIB SS
EPIS B;Episurf Medical AB;SE0003491562;EPISB SS
EQT;EQT AB;SE0012853455;
ERIC A;Ericsson; Telefonab. L M;SE0000108649;ERICA SS
ERIC B;Ericsson; Telefonab. L M;SE0000108656;ERICB SS
ESSITY A;Essity AB;SE0009922156;ESSITYA SS
ESSITY B;Essity AB;SE0009922164;ESSITYB SS
BAT;Eurobattery Minerals AB;SE0012481570;
EVERY*;Everysport Media Group AB;SE0016127831;
EVO;Evolution AB;SE0012673267;EVO SS
EWRK;Ework Group AB;SE0002402701;EWRK SS
EXALT;Exalt AB;SE0005223542;
EXPRS2;ExpreS2ion Biotech Holding AB;SE0023261292;
EXS;Exsitec Holding AB;SE0014035762;
EOID;Eyeon Group AB;SE0019763988;
FABG;Fabege AB;SE0011166974;FABG SS
FAG;Fagerhult Group AB;SE0010048884;FAG SS
FG;Fasadgruppen Group AB;SE0015195771;
BALD B;Fastighets AB Balder;SE0017832488;BALDB SS
TRIAN B;Fastighets AB Trianon;SE0018013658;
EMIL B;Fastighetsbolaget Emilshus AB;SE0016785786;
EMIL PREF;Fastighetsbolaget Emilshus AB;SE0016785794;
FPAR A;Fastpartner AB;SE0013512506;FPARA SS
FPAR D;Fastpartner AB;SE0013512514;
FOI B;Fenix Outdoor International AG;CH0242214887;FOIB SS
FERRO;Ferroamp AB;SE0012229920;
FNM;Ferronordic AB;SE0005468717;FNM SS
FINE;Finepart Sweden AB;SE0009189442;
FING B;Fingerprint Cards AB;SE0008374250;FINGB SS
FIRE;Firefly AB;SE0000395428;FIRE SS
FIRST B;First Venture Sweden AB;SE0016075451;
FLAT B;Flat Capital AB;SE0016609846;
FLMNG;Fleming Properties AB;SE0013042561;
FLEXM;Flexion Mobile Plc;GB00BZ1MDB19;
FLEXQ;FlexQube AB;SE0010547075;
FLOWS;Flowscape Technology AB;SE0018042046;
FLUI;Fluicell AB;SE0023595459;
FLUO;FluoGuide A/S;DK0061123312;
FMM B;FM Mattsson AB;SE0018040883;FMM SS
FPIP;Formpipe Software AB;SE0001338039;FPIP SS
FNOVA B;Fortinova Fastigheter AB;SE0014608915;
FNOX*;Fortnox AB;SE0017161243;
FRACTL;Fractal Gaming Group AB;SE0015504477;
FRAG;Fragbite Group AB;SE0023287347;
FRAM B;Fram Skandinavien AB;SE0010296269;
F2M;Free2move Holding;SE0011414283;
FREEM;Freemelt Holding AB;SE0011167170;
FREJA;Freja eID Group AB;SE0015950308;
FRNT B;Front Ventures AB;SE0005337920;
FSPORT;FSport AB;SE0016288641;
FXI;FX International AB;SE0003787555;
G5EN;G5 Entertainment AB;SE0001824004;G5EN SS
GABA;Gabather AB;SE0010869552;
GAMEC;Game Chest Group AB;SE0010820191;
GCOR;Gaming Corps AB;SE0014694691;
GAPW B;Gapwaves AB;SE0009155518;
GARO;Garo AB;SE0015812417;GARO SS
GPX;Gasporox AB;SE0008991624;
GENI;Generic Sweden AB;SE0001790791;GENI SS
GPG;Genova Property Group AB;SE0007184189;
GENO;Genovis AB;SE0002485979;GENO SS
GETI B;Getinge AB;SE0000202624;GETIB SS
GTAB B;Glycorex Transplantation;SE0000524530;
GTG;Gold Town Games;SE0008587117;
GOMERO;Gomero Group AB;SE0011167535;
GOMX;GomSpace Group AB;SE0008348304;
GBK;Goodbye Kansas Group AB;SE0021627353;
GREAT;Greater Than AB;SE0005881554;GREAT SS
GREEN;Green Landscaping Group AB;SE0010985028;
GRNG;Gränges AB;SE0006288015;GRNG SS
GUARD;Guard Therapeutics International AB;SE0021181559;
GGEO;Guideline Geo AB;SE0005562014;
GJAB;Gullberg & Jansson AB;SE0004576346;
HDW B*;H&D Wireless Sweden Holding AB;SE0009889405;
HAMLET B;Hamlet BioPharma AB;SE0015661152;
HNSA;Hansa Biopharma AB;SE0002148817;HNSA SS
HANZA;HANZA AB;SE0005878543;HANZA SS
HAV B;Havsfrun Investment AB;SE0000312043;HAVB SS
HAYPP;Haypp Group AB;SE0016829469;
HEBA B;Heba Fastighets AB;SE0017911480;HEBAB SS
HEGR;Hedera Group AB;SE0007815113;
HEIM PREF;Heimstaden AB (publ);SE0015949037;
HELIO;Heliospectra AB;SE0005933082;HELIO SS
HEM;Hemnet Group AB;SE0015671995;
HMPLY;Hemply Balance Holding AB;SE0014402400;
HM B;Hennes & Mauritz AB; H & M;SE0000106270;HMB SS
HEXA B;Hexagon AB;SE0015961909;HEXAB SS
HTRO;Hexatronic Group AB;SE0018040677;HTRO SS
HEXI*;Hexicon AB;SE0004898799;
HPOL B;HEXPOL AB;SE0007074281;HPOLB SS
HIFA B;Hifab Group AB;SE0000483943;HIFAB SS
HIGHCO B;High Coast Distillery AB;SE0003848613;
HILB B;Hilbert Group AB;SE0016278154;
HMS;HMS Networks AB;SE0009997018;HMS SS
HOI B;Hoi Publishing AB;SE0017830789;
HOFI;Hoist Finance AB;SE0006887063;HOFI SS
HOLM A;Holmen AB;SE0011090000;HOLMA SS
HOLM B;Holmen AB;SE0011090018;HOLMB SS
HOME B;HomeMaid AB;SE0001426131;
HOODIN;Hoodin AB;SE0011415249;
HUBS;Hubbster Group AB;SE0015194659;
HUBSO*;HUBSO GROUP AB;SE0009806177;
HUFV A;Hufvudstaden AB;SE0000170375;HUFVA SS
HUM;Humana AB;SE0008040653;HUM SS
HUMBLE;Humble Group AB;SE0006261046;
HUSQ A;Husqvarna AB;SE0001662222;HUSQA SS
HUSQ B;Husqvarna AB;SE0001662230;HUSQB SS
LOVE B;I Love Lund AB;SE0018397648;
ITECH;I-Tech AB;SE0011167725;
IAR B;I.A.R Systems Group AB;SE0005851706;IARB SS
ICO;Iconovo AB;SE0010868943;
IDUN B;Idun Industrier AB;SE0013512464;
IS;Image Systems AB;SE0006421871;IS SS
IMMNOV;Immunovia AB;SE0006091997;IMMNOV SS
IMPC;Impact Coatings AB;SE0001279142;IMPC SS
IMP A SDB;Implantica AG;SE0014855029;
INCOAX;InCoax Networks AB;SE0009832595;
INDU A;Industrivärden; AB;SE0000190126;INDUA SS
INDU C;Industrivärden; AB;SE0000107203;INDUC SS
INDT;Indutrade AB;SE0001515552;INDT SS
IBT B;Infant Bacterial Therapeutics AB;SE0008015259;IBTB SS
INFREA;Infrea AB;SE0010600106;
ISAB;Inhalation Sciences Sweden AB;SE0009983893;
INISS B;Inission AB;SE0016275069;
INIT;Initiator Pharma A/S;DK0060775872;
INSP;Insplorion AB;SE0006994943;
INSTAL;Instalco AB;SE0017483506;INSTAL SS
INTEG B;Integrum AB;SE0009807266;
INT;Intellego Technologies AB;SE0016075063;
IPCO;International Petroleum Corporation;CA46016U1084;IPCO SS
IVACC;Intervacc AB;SE0009607252;
INTRUM;Intrum AB;SE0000936478;INTRUM SS
IMS;Invent Medic Sweden AB;SE0007603402;
INVE A;Investor AB;SE0015811955;INVEA SS
INVE B;Investor AB;SE0015811963;INVEB SS
IVSO;INVISIO AB;SE0001200015;IVSO SS
INWI;Inwido AB;SE0006220018;INWI SS
IRIS*;Irisity AB;SE0005365681;
IRLAB A;IRLAB Therapeutics AB;SE0012675361;
ISOFOL;Isofol Medical AB;SE0009581051;
ITAB;ITAB Shop Concept AB;SE0015962097;
IZAFE B;iZafe Group AB;SE0003656834;
JLT;JLT Mobile Computers AB;SE0000725624;JLT SS
JM;JM AB;SE0000806994;JM SS
JOBS;Job Solution Sweden Holding AB;SE0017564800;
JOMA;John Mattson Fastighetsföretagen AB;SE0012481364;JOMA SS
GATE;Jumpgate AB;SE0023113154;
KFAST B;K-Fast Holding AB;SE0016101679;
K2A B;K2A Knaust & Andersson Fastigheter AB;SE0010520254;
K2A PREF;K2A Knaust & Andersson Fastigheter AB;SE0006852075;
KABE B;KABE Group AB;SE0000107724;KABEB SS
KAKEL;Kakel Max AB;SE0009921075;
KAPIAB;Kallebäck Property Invest AB (publ);SE0005704079;KAPIAB SS
KAMBI;Kambi Group Plc;MT0000780107;KAMBI SS
KAN;Kancera AB;SE0015658570;KAN SS
KAR;Karnov Group AB;SE0012323715;
KDEV;Karolinska Development AB;SE0002190926;KDEV SS
KAV;Katalysen Ventures AB;SE0016798045;
KEBNI B;KebNi AB;SE0012904803;
KENH;Kentima Holding AB;SE0005100757;KENH SS
KINV A;Kinnevik AB;SE0022060513;KINVA SS
KINV B;Kinnevik AB;SE0022060521;KINVB SS
KJELL;Kjell Group AB;SE0016797591;
KLARA B;KlaraBo Sverige AB;SE0010832287;
KLAR*;Klaria Pharma Holding AB;SE0007280326;
KLIMAT;Klimator AB;SE0014401329;
KNOW;Knowit AB;SE0000421273;KNOW SS
KONT;Kontigo Care AB;SE0007075247;
KOBR B;Kopparbergs;SE0000500779;
KRONA;Krona Public Real Estate AB;SE0015657895;
KVIX;Kvix AB;SE0016610083;
LAGR B;Lagercrantz Group AB;SE0014990966;LAGRB SS
LAMM B;Lammhults Design Group AB;SE0000386138;LAMMB SS
LATO B;Latour; Investmentab.;SE0010100958;LATOB SS
LEMSE;Leading Edge Materials Corp.;CA52171T1003;
LIDDS*;LIDDS AB;SE0001958612;
LIFCO B;Lifco AB;SE0015949201;LIFCOB SS
LCLEAN;Lifeclean International AB;SE0014829271;
LAIR;LightAir AB (publ);SE0022239133;
LIME;Lime Technologies AB;SE0011870195;
LINC;Linc AB;SE0015949433;
LIAB;Lindab International AB;SE0001852419;LIAB SS
LINKAB;Link Prop Investment AB;SE0006993804;
LIPI;Lipidor AB;SE0012558617;
LPGO;Lipigon Pharmaceuticals AB;SE0015382072;
LIPUM;Lipum AB;SE0015660899;
LITI;Litium AB;SE0007387246;
LOGI A;Logistea AB;SE0017131329;
LOGI B;Logistea AB;SE0017131337;
LOGIST;Logistri Fastighets AB;SE0010414615;
LOOMIS;Loomis AB;SE0014504817;
LOVI;Lovisagruvan AB;SE0000418873;
LOYAL;Loyal Solutions A/S;DK0061535507;
LUC;Lucara Diamond Corp;CA54928Q1081;LUC SS
LUMEN;LumenRadio AB;SE0019072158;
LUMITO;Lumito AB;SE0011282847;
LUND B;Lundbergföretagen AB; L E;SE0000108847;LUNDB SS
LUG;Lundin Gold Inc.;CA5503711080;LUG SS
LUMI;Lundin Mining Corporation;CA5503721063;LUMI SS
LXB;Luxbright AB;SE0015192075;
LYGRD;Lyckegård Group AB;SE0017160575;
LYKO A;Lyko Group AB;SE0010468918;
MOBA;M.O.B.A. Network AB;SE0016277909;
MAGI;MAG Interactive AB;SE0010520908;
MAGLE;Magle Chemoswed Holding AB;SE0014401014;
MAHA A;Maha Energy AB;SE0008374383;
MAHVIE;Mahvie Minerals AB (publ);SE0018768210;
MEAB B;Malmbergs Elektriska AB;SE0000507659;MEABB SS
MANG;Mangold AB;SE0001449380;MANG SS
MANTEX*;Mantex AB;SE0023467451;
MAVEN;Maven Wireless Sweden AB;SE0015961180;
MAV*;Mavshack AB;SE0020998854;MAV SS
MCAP;MedCap AB;SE0009160872;MCAP SS
MCLR;Medclair AB;SE0009190572;
MEDHLP;Medhelp Care AB;SE0016799001;
MEGR;Mediacle Group AB;SE0007705074;
MCOV B;Medicover AB;SE0009778848;MCOVB SS
MEDIMI*;Medimi AB;SE0001860511;
MEKO;MEKO AB;SE0002110064;MEKO SS
IMMU;Mendus AB;SE0022239950;IMMU SS
MNTC;Mentice AB;SE0012673291;
META;Metacon AB;SE0003086214;
MSAB B;Micro Systemation AB;SE0000526626;MSABB SS
MPOS;Micropos Medical AB;SE0002834507;
MSON A;Midsona AB;SE0000565210;MSONA SS
MSON B;Midsona AB;SE0000565228;MSONB SS
MIDS;Midsummer AB;SE0011281757;
MILDEF;Mildef Group AB;SE0016074249;
MNDRK;MindArk PE AB (publ);SE0019354358;
MINEST;Minesto AB;SE0007578141;
MIPS;Mips AB;SE0009216278;MIPS SS
MIR;Miris Holding AB;SE0015657820;
MOB;Moberg Pharma AB;SE0020353928;MOB SS
MTG A;Modern Times Group MTG AB;SE0018012486;MTGA SS
MTG B;Modern Times Group MTG AB;SE0018012494;MTGB SS
MODTX;Modus Therapeutics Holding AB;SE0015987904;
MOFAST;Mofast AB;SE0012596120;
MOMENT;Moment Group AB;SE0020388932;MOMENT SS
MMGR B;Momentum Group AB;SE0017562523;MMGRB SS
MONI;Monivent AB;SE0013512282;
MODI*;Motion Display Scandinavia AB;SE0005798923;
MBBAB*;MoveByBike Europe AB;SE0015988100;
MTI;MTI Investment AB;SE0017105539;
MTRS;Munters Group AB;SE0009806607;MTRS SS
MYBEAT*;My Beat AB;SE0023440763;
MYCR;Mycronic AB;SE0025158629;MYCR SS
NANEXA;Nanexa AB;SE0007074166;
NANOFS;Nanoform Finland Oyj;FI4000330972;
NICA*;Nanologica AB;SE0005454873;
NATTA;Nattaro Labs AB;SE0016844534;
NAXS;NAXS AB;SE0001965369;NAXS SS
NCAB;NCAB Group AB;SE0017160773;NCAB SS
NCC A;NCC AB;SE0000118952;NCCA SS
NCC B;NCC AB;SE0000117970;NCCB SS
NMAN;Nederman Holding Aktiebolag;SE0011204510;NMAN SS
NELLY;Nelly Group AB;SE0015245535;
NEOLA;Neola Medical AB;SE0014829255;
NEPA;Nepa AB;SE0008066302;
NETI B;Net Insight AB;SE0000366098;NETIB SS
NETEL;Netel Holding AB;SE0016798417;
NJOB*;NetJobs Group AB;SE0001790346;NJOB SS
BBROOM;New Bubbleroom Sweden AB;SE0016288476;
NNH;New Nordic Healthbrands AB;SE0001838038;NNH SS
NEWA B;New Wave Group AB;SE0020356970;NEWAB SS
NEWBRY;Newbury Pharmaceuticals AB;SE0015244884;
NEXAM;Nexam Chemical Holding AB;SE0005101003;NEXAM SS
NXAR;Nexar Group AB;SE0018219826;
NXTCL;NextCell Pharma AB;SE0009723125;
NFO;NFO Drives AB;SE0015193800;
NGS;NGS Group AB;SE0009947708;NGS SS
NIBE B;NIBE Industrier AB;SE0015988019;NIBEB SS
NICO;Nicoccino Holding AB;SE0005506185;NICO SS
NIL B;Nilörngruppen AB;SE0007100342;NILB SS
BOAT;Nimbus Group AB;SE0015407390;
NITRO;Nitro Games Oyj;FI4000242961;
NIVI B;Nivika Fastigheter AB;SE0017083272;
NOBI;Nobia AB;SE0000949331;NOBI SS
NODE;Nodebis Applications AB;SE0020846392;
NOKIA SEK;Nokia Oyj;FI0009000681;NOKIASEK SS
NOLA B;Nolato AB;SE0015962477;NOLAB SS
NDA SE;Nordea Bank Abp;FI4000297767;NDA SS
NAIG B;Nordic Asia Investment Group 1987 AB;SE0016609333;
NFGAB;Nordic Flanges Group AB;SE0023641311;
NIO;Nordic Iron Ore AB;SE0011528017;
LEVEL;Nordic LEVEL Group AB;SE0012313302;
NPAPER;Nordic Paper Holding AB;SE0014808838;
NORB B;Nordisk Bergteknik AB;SE0015812128;
NOTEK;Norditek Group AB;SE0016843486;
SAVE;Nordnet AB;SE0015192067;
NBZ;Northbaze Group AB;SE0003204908;
CAPS;Northern CapSek Ventures AB;SE0024989750;
CAPS PREF;Northern CapSek Ventures AB;SE0024989768;
NG;Northgold AB;SE0017131071;
NORVA;Norva24 Group AB;SE0017084759;
NOSIUM B;NOSIUM AB;SE0023112065;
NOTE;NOTE AB;SE0001161654;NOTE SS
NTEK B;NOVOTEK AB;SE0000567752;NTEKB SS
NOVU;Novus Group International AB;SE0001989260;
NOWO;Nowonomics AB;SE0015660840;
NP3;NP3 Fastigheter AB;SE0006342333;NP3 SS
NP3 PREF;NP3 Fastigheter AB;SE0010820514;NP3PREF SS
NYF;Nyfosa AB;SE0011426428;
OBDU B;Obducat;SE0000514705;
OBDU PREF B;Obducat;SE0009357536;
ODI;ODI Pharma AB;SE0013409760;
ODIN;Odinwell AB;SE0015809967;
OEM B;OEM International AB;SE0017766843;OEMB SS
OGUN B;Ogunsen AB;SE0008406151;
ONCO;Oncopeptides AB;SE0009414576;ONCO SS
ONCOZ;OncoZenge AB;SE0015504097;
ONEF;Oneflow AB;SE0017564461;
OBAB;Online Brands Nordic AB;SE0017133838;OBAB SS
OPTER;Opter AB;SE0016829501;
OPTI;OptiCept Technologies AB;SE0005881786;OPTI SS
ORX;Orexo AB;SE0000736415;ORX SS
ORGC;OrganoClick AB;SE0006510335;
ORRON;Orrön Energy AB;SE0000825820;
ORTI A;Ortivus AB;SE0000188930;ORTIA SS
ORTI B;Ortivus AB;SE0000123085;ORTIB SS
OSSD;OssDsign AB;SE0012570448;
OURLIV;OurLiving AB;SE0009606593;
OVZON;Ovzon AB;SE0010948711;
OXE;OXE Marine AB;SE0009888613;
PNDX B;Pandox AB;SE0007100359;PNDXB SS
PDX;Paradox Interactive AB (publ);SE0008294953;
PAX;Paxman AB;SE0009806284;
PEAB B;Peab AB;SE0000106205;PEABB SS
PMED*;PEPTONIC medical AB;SE0005962206;
PEXA B;PExA AB;SE0007412374;
PHAL*;PharmaLundensis AB;SE0003359710;
PHI;Phase Holographic Imaging PHI AB;SE0005504636;
PCAT;Photocat A/S;DK0060668796;
PTRK;Physitrack PLC;GB00BK80TJ35;
PIERCE;Pierce Group AB;SE0015658364;
PILA;PILA PHARMA AB;SE0015988274;
PION B;PION Group AB;SE0000567539;
PLAZ B;Platzer Fastigheter Holding AB;SE0004977692;PLAZB SS
PLEJD;Plejd AB;SE0008014476;
POLAR;PolarCool AB;SE0023467162;
POLYG;Polygiene Group AB;SE0007692157;
PCELL;PowerCell Sweden AB;SE0006425815;
PREBON;Prebona AB;SE0007692884;
PRCO B;Precio Fishbone AB;SE0000141137;PRCOB SS
PREC;Precise Biometrics AB;SE0018013849;PREC SS
PCOM B;Precomp Solutions AB;SE0006091724;PCOMB SS
SNX;Premium Snacks Nordic AB;SE0006260865;
PHOL PREF;Preservia Holding AB (publ);SE0013486099;
PHYR B;Preservia Hyresfastigheter AB;SE0013147113;
PHYR PREF;Preservia Hyresfastigheter AB;SE0009973365;
PRESRV;Preservium Property AB;SE0016829790;
PREV B;Prevas AB;SE0000356008;PREVB SS
PRIC B;Pricer AB;SE0000233934;PRICB SS
PACT;Proact IT Group AB;SE0015961222;PACT SS
PROF B;ProfilGruppen AB;SE0000393860;PROFB SS
PRFO;Profoto Holding AB;SE0015962147;
PENG B*;Projektengagemang Sweden AB;SE0011337666;PENGB SS
PRLD;Prolight Diagnostics AB;SE0003618230;
PRO;Promimic AB;SE0017487242;
PLUN*;ProstaLund AB;SE0023468418;PLUN SS
PROGEN*;Prostatype Genomics AB;SE0023261532;
PROVIT;Provide IT Sweden AB;SE0008321418;
QLINEA;Q-Linea AB;SE0011527845;
QBNK;QBNK Holding AB;SE0007278726;
QBRICK;Qbrick AB;SE0015962105;
QIIWI;Qiiwi Games AB;SE0010245373;
QAIR;QleanAir AB;SE0013382066;
QLIFE*;QLife Holding AB;SE0022574331;
QLIRO;Qliro AB;SE0013719077;
QLOSR B*;Qlosr Group AB;SE0018169195;
QCORE*;Qlucore AB;SE0016829824;
QUIA*;QUIA PHARMA AB;SE0020678159;
RAIL;Railcare Group AB;SE0010441139;RAIL SS
RAKE;Raketech Group Holding plc;MT0001390104;
RPLAN;Ranplan Group AB;SE0011178201;
RATO A;Ratos AB;SE0000191090;RATOA SS
RATO B;Ratos AB;SE0000111940;RATOB SS
RAY B;RaySearch Laboratories AB;SE0000135485;RAYB SS
RAYTL;Raytelligence AB;SE0022088282;
READ;Readly International AB;SE0014855292;
REAL;Real Fastigheter AB;SE0020679025;
REALFI;Realfiction Holding AB;SE0009920994;
RECY B;Recyctec Holding AB;SE0014808978;
GOTL A;Rederiaktiebolaget Gotland;SE0000105371;
GOTL B;Rederiaktiebolaget Gotland;SE0000105397;
REDS;Redsense Medical AB;SE0006965158;
REJL B;Rejlers AB;SE0000123671;REJLB SS
RVN;Renewable Ventures Nordic AB;SE0017768658;
RENT;Rentunder Holding AB;SE0004548451;
RESP;Respiratorius AB;SE0023314315;
RESURS;Resurs Holding AB;SE0007665823;RESURS SS
RIGHTB*;RightBridge Ventures Group AB;SE0019070749;
RO;Rolling Optics Holding AB;SE0010520155;
RROS;Rottneros AB;SE0000112252;RROS SS
RUG;RugVista Group AB;SE0015659834;
RVRC;RVRC Holding AB;SE0015962485;
S2M*;S2Medical AB;SE0011725084;
SAAB B;SAAB AB;SE0021921269;SAABB SS
SAFE;Safe at Sea AB;SE0005308632;
SLG B;Safe Lane Gaming AB;SE0020552297;
SFL;Safello Group AB;SE0015346895;
SFTR;Safeture AB;SE0006117297;
SAGA A;Sagax AB;SE0004635878;SAGAA SS
SAGA B;Sagax AB;SE0005127818;SAGAB SS
SAGA D;Sagax AB;SE0009161052;SAGAD SS
SALT B;SaltX Technology Holding AB;SE0005308541;
SBB B;Samhällsbyggnadsbolaget i Norden AB;SE0009554454;
SBB D;Samhällsbyggnadsbolaget i Norden AB;SE0011844091;
SAMPO SDB;Sampo Oyj;SE0018768707;
SAMT B;Samtrygg Group AB;SE0009267834;
SAND;Sandvik AB;SE0000667891;SAND SS
SANION;Saniona AB;SE0005794617;SANION SS
SARS;SARSYS AB;SE0009320294;
YIELD;SaveLend Group AB;SE0015961024;
SAXG;Saxlund Group AB;SE0023439500;
SBFBO A;SBF Bostad AB (publ);SE0021630084;
SBFBO B;SBF Bostad AB (publ);SE0021630092;
SBOK;ScandBook Holding AB;SE0003175660;SBOK SS
SCST;Scandi Standard AB;SE0005999760;SCST SS
SHOT;Scandic Hotels Group AB;SE0007640156;SHOT SS
SDOS;ScandiDos AB;SE0005768124;SDOS SS
CMOTEC B;Scandinavian ChemoTech AB;SE0009242654;
SES;Scandinavian Enviro Systems AB;SE0005877560;SES SS
HEART;Scandinavian Real Heart AB;SE0023286836;
SCOL*;Scandion Oncology A/S;DK0061031895;
SCIB;Scibase Holding AB;SE0007045414;
SCOUT;Scout Gaming Group AB;SE0010521153;
SDIP B;Sdiptech AB;SE0003756758;
SDIP PREF;Sdiptech AB;SE0006758348;
SEAF;Seafire AB;SE0009779796;
STW;SeaTwirl AB;SE0009242175;
SECI;SECITS Holding AB;SE0009664436;
SECT B;SECTRA AB;SE0022419784;SECTB SS
SECU B;Securitas AB;SE0000163594;SECUB SS
SEDANA;Sedana Medical AB;SE0015988373;
SDET;SensoDetect AB;SE0003037456;
SENZA;SenzaGen AB;SE0010219626;
SEZI;Senzime AB;SE0002478776;SEZI SS
SERT;Serstech AB;SE0005365095;SERT SS
SNM;ShaMaran Petroleum Corp;CA8193201024;SNM SS
SHT B;SHT Smart High-Tech AB;SE0016843809;
SILEON*;Sileon AB;SE0023440748;
SIMRIS B;Simris Group AB;SE0008091664;
SINCH;Sinch AB;SE0016101844;
SINT;SinterCast AB;SE0000950982;SINT SS
SIVE;Sivers Semiconductors AB;SE0003917798;SIVE SS
SCC B;Sjöstrand Coffee Int AB;SE0007897764;
SEB A;Skandinaviska Enskilda Banken AB;SE0000148884;SEBA SS
SEB C;Skandinaviska Enskilda Banken AB;SE0000120784;SEBC SS
SKA B;Skanska AB;SE0000113250;SKAB SS
SKF A;SKF; AB;SE0000108201;SKFA SS
SKF B;SKF; AB;SE0000108227;SKFB SS
SKIS B;SkiStar AB;SE0012141687;SKISB SS
SKOLON;Skolon AB;SE0017615784;
SKMO;Skåne-möllan AB;SE0017885338;SKMO SS
SLEEP;Sleep Cycle AB;SE0015961404;
SLOTT B;Slottsviken Fastighetsaktiebolag;SE0018012411;
SEYE;Smart Eye AB;SE0009268279;
SMOL;Smoltek Nanotech Holding AB;SE0010820381;
SOCIAL;Sociallite US AB;SE0020824373;
SOF B;Softronic AB;SE0000323305;SOFB SS
SFAB;Solid Försäkringsaktiebolag;SE0017082548;
SOLIDX;SolidX AB;SE0016797971;
SOLNA;Solnaberg Property AB (publ);SE0009155211;
SOLT;SolTech Energy Sweden AB;SE0005392537;
SONE;Sonetel AB;SE0009580517;
SOSI;Sotkamo Silver;SE0001057910;
SOUND*;Sound Dimension AB;SE0016589063;
SOZAP;SOZAP AB;SE0015812524;
SPAGO;Spago Nanomedical AB;SE0004899474;
SPEC;SpectraCure AB;SE0007158118;
SPEONE;SpectrumOne AB;SE0006994448;
SPERM;Spermosens AB;SE0015346424;
SPGR;Spotlight Group AB;SE0014704763;
SPRINT;Sprint Bioscience AB;SE0006343745;
SSAB A;SSAB AB;SE0000171100;SSABA SS
SSAB B;SSAB AB;SE0000120669;SSABB SS
STVA B;Star Vault AB;SE0002149369;
STAR A;Starbreeze AB;SE0007158928;STARA SS
STAR B;Starbreeze AB;SE0005992831;STARB SS
STABL;Stayble Therapeutics AB;SE0013513652;
STEF B;Stendörren Fastigheter AB;SE0006543344;STEFB SS
SFAST;Stenhus Fastigheter i Norden AB;SE0014956819;
STIL;Stille AB;SE0000998650;STIL SS
SF;StillFront Group AB;SE0015346135;
STWK;Stockwik Förvaltning AB;SE0012257970;STWK SS
STE A;Stora Enso Oyj;FI0009007603;STEA SS
STE R;Stora Enso Oyj;FI0009007611;STER SS
STOR B;Storskogen Group AB;SE0016797732;
STORY B;Storytel AB;SE0007439443;
STUDBO;Studentbostäder i Norden AB;SE0015657697;
SVIK;Studsvik AB;SE0000653230;SVIK SS
SUS;Surgical Science Sweden AB;SE0014428512;
SUSG;Sustainion Group AB;SE0002067421;
SVED B;Svedbergs Group AB;SE0000407991;SVEDB SS
AERO;Svenska Aerogel Holding AB;SE0023440557;
SCA A;Svenska Cellulosa AB SCA;SE0000171886;SCAA SS
SCA B;Svenska Cellulosa AB SCA;SE0000112724;SCAB SS
SHB A;Svenska Handelsbanken AB;SE0007100599;SHBA SS
SHB B;Svenska Handelsbanken AB;SE0007100607;SHBB SS
SVOL A;Svolder AB;SE0017161441;SVOLA SS
SVOL B;Svolder AB;SE0017161458;SVOLB SS
SWEC A;SWECO AB;SE0014960365;SWECA SS
SWEC B;SWECO AB;SE0014960373;SWECB SS
SWED A;Swedbank AB;SE0000242455;SWEDA SS
BUY;Sweden BuyersClub AB;SE0015660287;
SECARE;Swedencare AB (publ);SE0015988167;
SLP B;Swedish Logistic Property AB;SE0017565476;
SOBI;Swedish Orphan Biovitrum AB;SE0000872095;SOBI SS
SYNACT;SynAct Pharma AB;SE0008241491;
SYNC B;Syncro Group AB;SE0023287339;
SYNSAM;Synsam AB;SE0016829709;
SYNT;SyntheticMR AB;SE0015987946;
SYSR;Systemair AB;SE0016609499;SYSR SS
SODER;Söder Sportfiske AB;SE0016276539;
TAGM B;TagMaster AB;SE0015950399;TAGMB SS
TALK;TalkPool AG;CH0322161768;
TCC A;TCECUR Sweden AB;SE0014965604;
TEL2 A;Tele2 AB;SE0005190220;TEL2A SS
TEL2 B;Tele2 AB;SE0005190238;TEL2B SS
TELIA;Telia Company AB;SE0000667925;TELIA SS
TELLUS;Tellusgruppen AB;SE0015504519;
TSEC;Tempest Security AB;SE0010469221;
TEQ;Teqnion AB;SE0012308088;
TERRNT B;Terranet AB;SE0009806045;
TESSIN;Tessin Nordic Holding AB;SE0009522451;
TFBANK;TF Bank AB;SE0007331608;TFBANK SS
TH1NG;TH1NG AB;SE0016074124;
THULE;Thule Group AB;SE0006422390;THULE SS
THUNDR;Thunderful Group AB;SE0015195888;
TIETOS;TietoEVRY Oyj;FI0009000277;TIETOS SS
TPGR;Time People Group;SE0010442962;
TITA B;Titania Holding AB;SE0017132129;
TOBII;Tobii AB;SE0002591420;TOBII SS
TOL*;Toleranzia AB;SE0007438577;
TOPR;TopRight Nordic AB;SE0010297507;
TOUCH;Touchtech AB;SE0010414482;
TOURN;Tourn International AB;SE0005568482;
TRAC B;Traction; AB;SE0000391716;TRACB SS
TRAD;TradeDoubler AB;SE0001552357;TRAD SS
TRAIN B;Train Alliance AB;SE0020540144;
TRML;Trainimal AB (publ);SE0011528082;
TRNSF;Transfer Group AB;SE0011870757;
TRAN A;Transferator AB;SE0017911233;
TRAN B;Transferator AB;SE0017911241;
TIRO;Transiro Holding AB;SE0009242027;
TRANS;Transtema Group AB;SE0006758587;
8TRA;TRATON SE;DE000TRAT0N7;
TREL B;Trelleborg AB;SE0000114837;TRELB SS
TRIBO B;Tribox Group AB;SE0010600429;
TRIONA;Triona AB;SE0001321761;
TROAX;Troax Group AB;SE0012729366;TROAX SS
TRUE B;Truecaller AB;SE0016787071;TRUEB SS
TURA;Tura Group AB;SE0017083355;
UMIDA B;Umida Group AB;SE0009190788;
UNIBAP;Unibap Space Solutions AB;SE0009606809;
UTG;Unlimited Travel Group AB;SE0001834821;UTG SS
UPSALE;Upsales Technology AB;SE0011985514;
USWE;USWE Sports AB;SE0015949771;
VBG B;VBG GROUP AB;SE0000115107;VBGB SS
VEFAB;VEF AB;SE0016128151;
VERT B;Vertiseit AB;SE0012481133;
VESTUM;Vestum AB;SE0017134125;
VPAB B;Veteranpoolen AB;SE0010663161;
VPLAY A;Viaplay Group AB;SE0012324226;
VPLAY B;Viaplay Group AB;SE0012116390;
VSD B;Vibrosense Dynamics AB;SE0006852125;
VICO;Vicore Pharma Holding AB;SE0007577895;
VSSAB B;Viking Supply Ships AB;SE0010820613;VSSABB SS
VIMAB*;Vimab Group AB;SE0007439633;
VIMIAN;Vimian Group AB;SE0015961982;
VIT B;Vitec Software Group AB;SE0007871363;VITB SS
VITR;Vitrolife AB;SE0011205202;VITR SS
VIVA;Viva Wine Group AB;SE0017084361;
VIVE;Vivesto AB;SE0000722365;
VNV;VNV Global AB;SE0014428835;
VO2;VO2 Cap Holding AB;SE0016802797;
VOLO;Volati AB;SE0009143662;VOLO SS
VOLO PREF;Volati AB;SE0009143670;VOLOPREF SS
VOLCAR B;Volvo Car AB;SE0021628898;
VOLV A;Volvo; AB;SE0000115420;VOLVA SS
VOLV B;Volvo; AB;SE0000115446;VOLVB SS
VULTS;Vultus AB;SE0017616006;
VH;Västra Hamnen Corporate Finance AB;SE0017767031;
W5;W5 Solutions AB;SE0016786040;
WALL B;Wallenstam AB;SE0017780133;WALLB SS
WAYS;Waystream Group AB;SE0007577077;
WPAY;Westpay AB;SE0002169292;
WIHL;Wihlborgs Fastigheter AB;SE0018012635;WIHL SS
WISE;Wise Group AB;SE0007277876;WISE SS
WTG;Wonderful Times Group AB;SE0006028577;
WYLD*;Wyld Networks AB;SE0015812516;
WBGR B;Wästbygg Gruppen AB;SE0014453874;
XANO B;XANO Industri AB;SE0018014151;XANOB SS
XBRANE;Xbrane Biopharma AB;SE0007789409;
XINT;Xintela AB;SE0007756903;
XMR*;XMReality AB;SE0009664188;
XPC;XP Chemistries AB;SE0016787279;
XSPRAY;XSpray Pharma AB;SE0009973563;
XVIVO;Xvivo Perfusion AB;SE0004840718;XVIVO SS
ZAPLOX;Zaplox AB;SE0020354389;
ZENZIP B;Zenergy AB;SE0023313069;
ZENI;Zenicor Medical Systems AB;SE0006343984;
ZZ B;Zinzino AB;SE0002480442;ZZB SS
ZOOM;Zoomability Int AB;SE0012740074;
ORES;Öresund; Investment AB;SE0008321608;ORES SS